,City,Country,Lat,Lng,Max Temp,Humidity,Cloudiness,Wind Speed,Current Description
0,Atuona,PF,-9.8,-139.0333,76.39,79,27,19.93,light rain
1,Upernavik,GL,72.7868,-56.1549,17.11,81,68,3.83,broken clouds
2,Vaini,TO,-21.2,-175.2,75.36,88,75,10.36,broken clouds
3,Hasaki,JP,35.7333,140.8333,54.0,82,100,11.48,overcast clouds
4,Hobart,AU,-42.8794,147.3294,47.26,69,20,10.36,few clouds
5,Tuktoyaktuk,CA,69.4541,-133.0374,42.22,75,100,18.79,overcast clouds
6,College,US,64.8569,-147.8028,44.92,88,100,11.5,light rain
7,Komsomolskiy,UZ,40.4272,71.7189,54.32,50,6,6.91,clear sky
8,Port Elizabeth,ZA,-33.918,25.5701,63.1,92,4,7.0,clear sky
9,Barrow,US,71.2906,-156.7887,35.62,69,20,31.07,few clouds
10,Faanui,PF,-16.4833,-151.75,77.95,75,6,22.08,light rain
11,Albany,US,42.6001,-73.9662,65.05,76,83,3.0,broken clouds
12,Cabo San Lucas,MX,22.8909,-109.9124,94.3,61,0,8.05,clear sky
13,Puerto Ayora,EC,-0.7393,-90.3518,75.16,92,81,8.99,broken clouds
14,Kapaa,US,22.0752,-159.319,82.72,71,0,10.36,clear sky
15,Cherskiy,RU,68.75,161.3,17.62,90,100,19.13,overcast clouds
16,Asyut,EG,27.181,31.1837,74.53,36,0,9.35,clear sky
17,Port Alfred,ZA,-33.5906,26.891,60.19,89,1,14.52,clear sky
18,Kloulklubed,PW,7.0419,134.2556,83.19,70,77,1.77,broken clouds
19,Sao Filipe,CV,14.8961,-24.4956,79.21,85,27,8.61,scattered clouds
20,Isangel,VU,-19.55,169.2667,76.51,82,49,13.89,scattered clouds
21,Hithadhoo,MV,-0.6,73.0833,80.53,78,97,14.45,overcast clouds
22,Rikitea,PF,-23.1203,-134.9692,70.77,69,19,22.82,few clouds
23,Punta Arenas,CL,-53.15,-70.9167,46.51,49,40,32.21,scattered clouds
24,Kayes,ML,14.0,-11.0,78.19,67,55,6.91,light rain
25,Castro,BR,-24.7911,-50.0119,62.92,67,96,9.44,overcast clouds
26,Chokurdakh,RU,70.6333,147.9167,21.67,93,100,23.42,light snow
27,Yellowknife,CA,62.456,-114.3525,51.57,76,100,8.01,overcast clouds
28,Raga,SS,8.4596,25.678,69.06,94,100,5.08,overcast clouds
29,Husavik,IS,66.0449,-17.3389,36.12,83,100,7.29,overcast clouds
30,Klaksvik,FO,62.2266,-6.589,43.72,79,90,24.52,overcast clouds
31,Bluff,NZ,-46.6,168.3333,43.81,83,84,8.21,broken clouds
32,Brewster,US,41.3973,-73.6171,77.05,59,20,6.91,few clouds
33,Biak,ID,-0.9131,122.8766,76.15,84,91,3.91,overcast clouds
34,Talaya,RU,61.3833,152.75,-2.81,99,97,3.6,overcast clouds
35,Mataura,NZ,-46.1927,168.8643,43.48,74,30,2.17,scattered clouds
36,Ushuaia,AR,-54.8,-68.3,40.66,70,40,26.46,scattered clouds
37,Qaanaaq,GL,77.484,-69.3632,9.64,68,9,7.38,clear sky
38,Iqaluit,CA,63.7506,-68.5145,27.7,58,97,2.89,overcast clouds
39,Maniitsoq,GL,65.4167,-52.9,31.68,80,100,5.3,overcast clouds
40,Doba,TD,8.65,16.85,70.84,91,72,1.28,broken clouds
41,Malakal,SS,9.5334,31.6605,72.07,92,100,3.53,overcast clouds
42,Esperance,AU,-33.8667,121.9,47.41,83,34,9.17,scattered clouds
43,Pemangkat,ID,1.1667,108.9667,77.99,84,100,4.52,overcast clouds
44,Comodoro Rivadavia,AR,-45.8667,-67.5,46.26,71,75,24.16,light rain
45,Kidal,ML,18.4411,1.4078,92.01,15,0,11.43,clear sky
46,Hermanus,ZA,-34.4187,19.2345,56.8,78,69,8.05,broken clouds
47,New Norfolk,AU,-42.7826,147.0587,46.92,71,24,5.01,few clouds
48,Hilo,US,19.7297,-155.09,87.28,75,40,8.99,scattered clouds
49,Payakumbuh,ID,-0.2202,100.6308,69.33,86,100,1.01,overcast clouds
50,Salinopolis,BR,-0.6136,-47.3561,82.83,70,19,11.65,few clouds
51,Corrente,BR,-3.7367,-43.3394,96.93,26,98,5.61,overcast clouds
52,Zelenogradsk,RU,54.9589,20.4767,48.25,77,0,6.71,clear sky
53,Vila Franca Do Campo,PT,37.7167,-25.4333,74.19,83,89,4.85,overcast clouds
54,Leningradskiy,RU,69.3833,178.4167,23.13,71,83,19.64,broken clouds
55,Hambantota,LK,6.1241,81.1185,78.24,80,96,13.96,overcast clouds
56,Bolitoc,PH,15.7395,119.8769,78.44,83,16,4.45,few clouds
57,Salisbury,GB,51.0693,-1.7957,55.45,92,75,12.66,broken clouds
58,Daru,PG,-9.0763,143.2092,79.5,88,100,13.6,overcast clouds
59,Shitkino,RU,56.3703,98.3543,23.65,98,100,3.31,overcast clouds
60,Darhan,MN,49.4867,105.9228,27.18,67,81,5.21,broken clouds
61,Sterling,US,39.0062,-77.4286,81.52,43,20,11.5,few clouds
62,Cap Malheureux,MU,-19.9842,57.6142,70.47,70,16,5.99,few clouds
63,Diffa,NE,13.3154,12.6113,89.04,24,85,6.69,overcast clouds
64,Lodja,CD,-3.4833,23.4333,69.67,97,99,1.57,overcast clouds
65,Mahebourg,MU,-20.4081,57.7,71.89,68,40,11.5,scattered clouds
66,Elk City,US,35.412,-99.4043,53.82,87,100,9.22,moderate rain
67,Whyalla,AU,-33.0333,137.5833,52.02,66,25,12.1,scattered clouds
68,Carnarvon,AU,-24.8667,113.6333,64.6,39,0,14.41,clear sky
69,Shingu,JP,33.7333,135.9833,61.68,85,100,6.24,heavy intensity rain
70,Cam Ranh,VN,11.9214,109.1591,76.96,100,75,3.44,broken clouds
71,Longyearbyen,SJ,78.2186,15.6401,37.24,81,75,12.66,light intensity drizzle rain
72,Ust-Koksa,RU,50.2696,85.6108,33.69,81,54,1.81,broken clouds
73,Gizo,SB,-8.103,156.8419,81.37,74,28,6.49,scattered clouds
74,Lompoc,US,34.6391,-120.4579,90.7,74,0,12.66,haze
75,Narrabri,AU,-30.3167,149.7833,64.53,86,100,7.0,light rain
76,Conway,US,35.0887,-92.4421,84.25,40,0,6.91,clear sky
77,Narsaq,GL,60.9167,-46.05,37.62,82,13,3.85,few clouds
78,Cape Town,ZA,-33.9258,18.4232,61.92,73,48,8.99,scattered clouds
79,Baykit,RU,61.67,96.37,31.71,93,100,5.88,overcast clouds
80,Jamestown,US,42.097,-79.2353,49.59,59,100,12.66,overcast clouds
81,Dwarka,IN,22.2394,68.9678,82.29,77,96,12.03,overcast clouds
82,San Andres,CO,12.5847,-81.7006,86.02,79,100,12.66,overcast clouds
83,Busselton,AU,-33.65,115.3333,47.17,80,87,3.87,overcast clouds
84,Baoning,CN,25.3378,110.026,55.13,86,100,2.62,overcast clouds
85,Souillac,MU,-20.5167,57.5167,71.98,68,40,11.5,scattered clouds
86,Fort Frances,CA,48.5999,-93.4003,48.16,46,0,10.36,clear sky
87,Liverpool,GB,53.4106,-2.9779,53.55,80,0,20.71,clear sky
88,Ponta Do Sol,PT,32.6667,-17.1,72.72,84,28,7.23,scattered clouds
89,Saldanha,ZA,-33.0117,17.9442,59.14,83,19,17.45,few clouds
90,Elat,IL,29.5581,34.9482,80.44,61,0,12.66,clear sky
91,Arraial Do Cabo,BR,-22.9661,-42.0278,80.46,74,75,9.22,light intensity drizzle
92,Thompson,CA,55.7435,-97.8558,48.81,52,100,11.21,overcast clouds
93,Ostrovnoy,RU,68.0531,39.5131,41.29,85,4,16.44,clear sky
94,Bom Jardim,BR,-7.7958,-35.5872,79.25,62,4,16.78,clear sky
95,Maldonado,UY,-34.6667,-54.9167,67.39,45,0,6.91,clear sky
96,Marion,US,39.7684,-86.1555,61.18,42,20,16.11,few clouds
97,Provideniya,RU,64.3833,-173.3,37.13,65,55,8.41,broken clouds
98,Wukari,NG,7.85,9.7833,74.23,93,100,6.49,overcast clouds
99,Victoria,HK,22.2855,114.1577,80.33,78,11,13.0,few clouds
100,Pacific Grove,US,36.6177,-121.9166,77.38,82,0,6.91,haze
101,Tuatapere,NZ,-46.1333,167.6833,43.32,76,73,5.14,broken clouds
102,Bethel,US,41.3712,-73.414,78.03,55,20,6.91,few clouds
103,Magadan,RU,59.5667,150.8,23.41,72,91,3.89,overcast clouds
104,Georgetown,MY,5.4112,100.3354,78.24,85,20,0.0,few clouds
105,Ampanihy,MG,-24.7,44.75,72.39,65,0,4.41,clear sky
106,Castanos,MX,26.7833,-101.4167,71.19,61,75,6.91,broken clouds
107,Cumbum,IN,9.7333,77.3,71.31,92,89,5.79,overcast clouds
108,Mubende,UG,0.5606,31.39,61.16,90,100,1.28,overcast clouds
109,Solnechnyy,RU,50.7214,136.6319,30.18,72,18,0.31,few clouds
110,Teacapan,MX,22.55,-105.75,85.37,59,6,7.4,clear sky
111,Srednekolymsk,RU,67.45,153.6833,14.74,80,74,16.11,broken clouds
112,Kupang,ID,-10.1667,123.5833,79.36,82,7,7.4,clear sky
113,Fayaoue,NC,-20.65,166.5333,75.33,81,37,23.53,scattered clouds
114,Saint George,US,37.1041,-113.5841,85.78,25,0,4.61,clear sky
115,Jidong,CN,45.2167,131.0833,34.81,57,90,3.24,overcast clouds
116,Shostka,UA,51.863,33.4698,46.9,87,7,2.89,clear sky
117,Tupelo,US,34.2576,-88.7034,84.49,32,0,13.8,clear sky
118,Kaitangata,NZ,-46.2817,169.8464,41.81,76,10,3.15,clear sky
119,Avarua,CK,-21.2078,-159.775,77.05,78,40,17.27,scattered clouds
120,Quatre Cocos,MU,-20.2078,57.7625,71.71,67,17,16.8,few clouds
121,Alyangula,AU,-13.8483,136.4192,79.41,82,61,4.88,broken clouds
122,Arrifes,PT,37.7667,-25.7,72.23,83,40,5.75,scattered clouds
123,Dukat,RU,62.55,155.55,1.08,99,92,4.34,overcast clouds
124,Sur,OM,22.5667,59.5289,79.23,76,0,6.2,clear sky
125,Nanortalik,GL,60.1432,-45.2371,36.46,83,48,16.06,scattered clouds
126,Vila Velha,BR,-20.3297,-40.2925,80.55,78,0,12.66,clear sky
127,Mar Del Plata,AR,-38.0023,-57.5575,75.22,35,0,12.66,clear sky
128,Isoka,ZM,-10.1606,32.6335,67.57,32,2,5.97,clear sky
129,Dikson,RU,73.5069,80.5464,33.19,99,100,13.98,light snow
130,Gamba,GA,-2.65,10.0,76.41,83,100,6.6,light rain
131,San Patricio,US,28.017,-97.5169,84.15,57,100,5.64,overcast clouds
132,Agogo,GH,6.8,-1.0819,71.37,95,97,2.46,overcast clouds
133,Lichtenfels,DE,50.1457,11.0593,57.13,92,96,1.01,overcast clouds
134,Cuiluan,CN,47.72,128.648,28.71,72,65,1.36,broken clouds
135,Te Anau,NZ,-45.4167,167.7167,40.78,83,72,2.91,broken clouds
136,Lata,PT,40.1629,-8.3327,69.93,66,46,1.54,scattered clouds
137,Severo-Kurilsk,RU,50.6789,156.125,42.46,66,29,7.14,scattered clouds
138,San Cristobal,VE,7.7669,-72.225,82.58,65,100,5.86,overcast clouds
139,Freeport,US,40.6576,-73.5832,80.15,49,0,14.97,clear sky
140,Petropavlovsk-Kamchatskiy,RU,53.0452,158.6483,28.99,93,20,4.47,few clouds
141,Brae,GB,60.3964,-1.353,48.78,76,26,17.25,light rain
142,Ulaangom,MN,49.9811,92.0667,31.93,49,10,1.63,clear sky
143,Atasu,KZ,48.6814,71.6433,54.81,42,100,9.28,overcast clouds
144,Mehamn,NO,71.0357,27.8492,46.35,71,75,16.11,broken clouds
145,Poum,NC,-20.2333,164.0167,75.38,78,9,14.03,clear sky
146,Kushima,JP,31.4583,131.2333,64.69,72,100,3.51,overcast clouds
147,Port Hardy,CA,50.6996,-127.4199,51.98,100,75,3.44,mist
148,Ahipara,NZ,-35.1667,173.1667,54.45,65,63,7.92,broken clouds
149,Zhezkazgan,KZ,47.8043,67.7144,55.71,24,100,8.37,overcast clouds
150,Galesburg,US,40.9478,-90.3712,61.72,50,40,6.91,scattered clouds
151,Dakoro,NE,14.5106,6.765,93.34,21,12,4.09,few clouds
152,Mazatan,MX,14.8667,-92.45,89.67,62,20,9.22,few clouds
153,Shaunavon,CA,49.6501,-108.4181,60.58,33,0,7.31,clear sky
154,Dekernes,EG,31.0876,31.595,67.23,62,0,4.09,clear sky
155,Bubaque,GW,11.2833,-15.8333,81.86,74,11,9.26,few clouds
156,Talnakh,RU,69.4865,88.3972,31.21,92,100,11.92,overcast clouds
157,Kiama,AU,-34.6833,150.8667,61.0,93,7,1.99,clear sky
158,Kudahuvadhoo,MV,2.6708,72.8944,82.13,71,37,17.78,scattered clouds
159,Anadyr,RU,64.75,177.4833,30.96,72,100,12.75,overcast clouds
160,Tasiilaq,GL,65.6145,-37.6368,35.76,95,100,9.71,overcast clouds
161,Moron,AR,-34.6534,-58.6198,83.95,22,3,8.34,clear sky
162,Miles City,US,46.4083,-105.8406,58.17,54,0,3.44,clear sky
163,Mastic Beach,US,40.7668,-72.8521,78.78,62,0,9.22,clear sky
164,Marawi,PH,7.9986,124.2928,68.92,93,100,2.82,overcast clouds
165,Alihe,CN,50.5667,123.7167,31.33,67,100,2.86,overcast clouds
166,Luzhou,CN,28.8724,105.4405,59.22,93,100,1.14,overcast clouds
167,Kihei,US,20.785,-156.4656,89.62,69,40,18.41,scattered clouds
168,Caravelas,BR,-17.7125,-39.2481,77.76,76,54,13.06,broken clouds
169,Naze,JP,28.3667,129.4833,70.2,71,90,11.18,overcast clouds
170,Ballina,AU,-28.8667,153.5667,65.01,90,39,8.28,scattered clouds
171,Bijapur,IN,16.8333,75.7,71.29,90,100,11.45,overcast clouds
172,Hofn,IS,64.2539,-15.2082,41.45,62,35,5.21,scattered clouds
173,Santa Maria,BR,-29.6842,-53.8069,68.74,60,0,9.86,clear sky
174,Butaritari,KI,3.0707,172.7902,81.59,76,93,14.43,overcast clouds
175,Nikolskoye,RU,59.7035,30.7861,55.29,77,100,10.83,overcast clouds
176,Xuddur,SO,4.1213,43.8894,75.02,65,95,16.51,overcast clouds
177,Pindiga,NG,9.9833,10.9333,72.7,80,22,3.62,few clouds
178,Sistranda,NO,63.7256,8.834,46.36,83,100,31.38,light rain
179,Bagdarin,RU,54.4333,113.6,20.07,87,34,4.21,scattered clouds
180,Lukoyanov,RU,55.0277,44.4786,52.16,68,100,7.0,overcast clouds
181,Marsaxlokk,MT,35.8419,14.5431,70.09,77,0,2.3,clear sky
182,Sitka,US,57.0531,-135.33,55.29,88,20,8.05,few clouds
183,Challans,FR,46.8436,-1.8749,55.6,84,89,9.89,overcast clouds
184,East London,ZA,-33.0153,27.9116,63.52,82,3,12.1,clear sky
185,Bosaso,SO,11.2842,49.1816,83.37,53,28,5.93,scattered clouds
186,Newport,GB,51.5877,-2.9984,57.81,84,0,10.49,clear sky
187,Mayo,US,38.8876,-76.5119,81.36,53,0,8.05,clear sky
188,Posadas,AR,-27.3671,-55.8961,75.18,41,75,13.8,broken clouds
189,Chapais,CA,49.7834,-74.8492,31.78,96,100,12.62,snow
190,Chuy,UY,-33.6971,-53.4616,64.76,52,0,9.17,clear sky
191,Lavrentiya,RU,65.5833,-171.0,34.97,64,12,12.97,few clouds
192,Ponta Delgada,PT,37.7333,-25.6667,73.51,88,40,4.61,scattered clouds
193,Kahului,US,20.8947,-156.47,89.62,48,40,18.41,scattered clouds
194,Mujiayingzi,CN,42.1167,118.7833,47.98,55,100,5.7,light rain
195,Greaca,RO,44.1094,26.3394,63.05,72,63,10.38,broken clouds
196,Saint-Philippe,RE,-21.3585,55.7679,65.79,76,41,13.18,scattered clouds
197,Zyryanskoye,RU,56.8306,86.6258,36.66,84,100,7.81,overcast clouds
198,Thinadhoo,MV,0.5333,72.9333,80.06,80,100,16.22,overcast clouds
199,Jawhar,SO,2.7809,45.5005,75.74,80,46,12.19,scattered clouds
200,Marzuq,YE,14.4,46.4667,74.48,44,74,4.34,broken clouds
201,Rochegda,RU,62.8,43.25,47.46,85,100,9.51,overcast clouds
202,Ola,RU,59.5833,151.2833,23.86,71,98,5.3,overcast clouds
203,Isiro,CD,2.7739,27.616,67.06,99,100,1.03,overcast clouds
204,Namatanai,PG,-3.6667,152.4333,77.5,74,100,6.76,overcast clouds
205,Laguna,US,38.421,-121.4238,93.63,31,0,10.36,clear sky
206,Vardo,NO,70.3705,31.1107,42.78,75,0,23.02,clear sky
207,Pizarro,CO,4.9533,-77.366,80.2,82,77,8.97,light rain
208,Halifax,CA,44.6453,-63.5724,65.34,88,100,8.99,overcast clouds
209,Bathsheba,BB,13.2167,-59.5167,86.61,70,20,16.11,few clouds
210,Tongliao,CN,43.6125,122.2653,44.65,66,100,6.2,overcast clouds
211,Bredasdorp,ZA,-34.5322,20.0403,54.43,85,79,7.61,broken clouds
212,Bahile,PH,9.9995,118.7878,78.53,87,70,3.15,broken clouds
213,Stornoway,GB,58.2093,-6.3865,47.03,88,40,11.5,scattered clouds
214,Yulara,AU,-25.2406,130.9889,58.37,41,30,17.76,scattered clouds
215,Jalu,LY,29.0331,21.5482,73.44,40,0,4.7,clear sky
216,Minab,IR,27.1467,57.0801,77.32,73,0,1.14,clear sky
217,Tumut,AU,-35.3,148.2167,53.19,99,86,1.79,overcast clouds
218,Airai,TL,-8.9266,125.4092,60.98,83,51,2.98,broken clouds
219,Upata,VE,8.0086,-62.3989,81.19,59,41,4.65,scattered clouds
220,Ajdabiya,LY,30.7554,20.2263,71.47,52,0,11.95,clear sky
221,Beloha,MG,-25.1667,45.05,72.93,59,0,4.18,clear sky
222,Taoudenni,ML,22.6783,-3.9836,98.62,15,13,4.54,light rain
223,Tura,IN,25.5198,90.2201,72.18,94,12,1.1,few clouds
224,Cocobeach,GA,1.0002,9.5823,75.18,88,95,7.58,overcast clouds
225,Lorengau,PG,-2.0226,147.2712,80.47,75,49,8.48,scattered clouds
226,Guanica,PR,17.9716,-66.908,86.97,83,13,11.03,few clouds
227,Peoria,US,40.7667,-89.7668,56.46,56,25,11.83,scattered clouds
228,Casino,AU,-28.8667,153.05,64.78,90,34,1.77,scattered clouds
229,Ust-Omchug,RU,61.15,149.6333,3.34,98,97,2.28,overcast clouds
230,Pombas,CV,17.1503,-25.0201,78.58,79,76,16.91,broken clouds
231,Havelock,US,34.8791,-76.9013,84.06,59,20,8.05,few clouds
232,Coquimbo,CL,-29.9533,-71.3436,60.53,77,20,13.8,few clouds
233,Bambous Virieux,MU,-20.3428,57.7575,71.85,68,40,11.5,scattered clouds
234,Seoul,KR,37.5683,126.9778,51.24,93,0,4.61,clear sky
235,Dingle,PH,10.9995,122.6711,75.88,92,99,5.59,overcast clouds
236,Loudi,CN,27.7344,111.9944,54.5,77,100,2.13,overcast clouds
237,Mbandaka,CD,0.0487,18.2603,71.56,87,90,2.59,overcast clouds
238,Clyde River,CA,70.4692,-68.5914,21.43,73,20,14.97,few clouds
239,Kenai,US,60.5544,-151.2583,50.09,95,100,8.05,overcast clouds
240,Khatanga,RU,71.9667,102.5,26.74,94,100,15.88,overcast clouds
241,Ahuimanu,US,21.4447,-157.8378,85.71,65,40,5.75,scattered clouds
242,Ouesso,CG,1.6136,16.0517,70.47,96,88,2.64,overcast clouds
243,Ust-Nera,RU,64.5667,143.2,4.91,97,57,7.43,broken clouds
244,Erzin,TR,36.9559,36.2,68.27,85,83,0.34,light rain
245,Kavieng,PG,-2.5744,150.7967,81.21,67,67,13.98,broken clouds
246,Kodiak,US,57.79,-152.4072,54.91,76,100,8.05,overcast clouds
247,Neepawa,CA,50.2289,-99.4664,52.2,21,96,16.4,overcast clouds
248,Kalmunai,LK,7.4167,81.8167,78.91,77,100,1.12,overcast clouds
249,Ostrow Mazowiecka,PL,52.8024,21.8951,51.62,67,7,8.19,clear sky
250,Beringovskiy,RU,63.05,179.3167,35.31,41,80,3.62,broken clouds
251,Faya,SA,18.3851,42.4509,64.51,30,99,6.53,overcast clouds
252,Rusape,ZW,-18.5278,32.1284,64.15,38,0,7.27,clear sky
253,San Francisco,US,37.7749,-122.4194,90.1,71,20,9.22,few clouds
254,Bilibino,RU,68.0546,166.4372,13.8,96,100,7.85,light snow
255,Akonolinga,CM,3.7667,12.25,67.46,99,100,5.14,light rain
256,Katsuura,JP,35.1333,140.3,60.96,87,100,7.43,overcast clouds
257,Cidreira,BR,-30.1811,-50.2056,68.41,59,12,11.74,few clouds
258,Sovetskiy,RU,61.3614,63.5842,39.56,98,88,5.66,overcast clouds
259,Severnyy,RU,50.677,36.5532,50.04,76,0,4.47,clear sky
260,Coihaique,CL,-45.5752,-72.0662,48.15,40,75,10.36,broken clouds
261,Emerald,AU,-23.5333,148.1667,63.34,90,0,8.08,clear sky
262,Piterka,RU,50.6803,47.4454,51.22,82,0,7.81,clear sky
263,Bitung,ID,1.4451,125.1824,76.05,79,100,1.99,overcast clouds
264,Yebaishou,CN,41.3975,119.6408,44.64,87,74,5.12,broken clouds
265,Adre,TD,13.4667,22.2,81.66,32,82,5.1,broken clouds
266,Hun,LY,29.1268,15.9477,72.25,47,0,11.41,clear sky
267,West Fargo,US,46.875,-96.9004,48.02,40,0,11.5,clear sky
268,Eregli,TR,37.5133,34.0467,59.65,61,100,6.96,overcast clouds
269,Noumea,NC,-22.2763,166.4572,75.0,99,35,13.67,scattered clouds
270,Ilulissat,GL,69.2167,-51.1,26.62,86,75,0.0,broken clouds
271,Palu,ID,-0.8917,119.8707,75.18,94,100,2.8,overcast clouds
272,Bengkulu,ID,-3.8004,102.2655,74.52,79,100,2.89,moderate rain
273,Grootfontein,NA,-19.5667,18.1167,72.97,18,0,2.3,clear sky
274,Huinan,CN,42.6225,126.2614,37.74,56,82,4.65,broken clouds
275,Ratnagiri,IN,16.9833,73.3,75.6,90,100,9.44,overcast clouds
276,Luena,AO,-11.7833,19.9167,68.92,38,39,2.1,scattered clouds
277,Fegyvernek,HU,47.2667,20.5333,57.22,63,100,5.37,overcast clouds
278,Fairbanks,US,64.8378,-147.7164,44.94,88,100,11.5,light rain
279,Bahia Blanca,AR,-38.7196,-62.2724,58.69,89,99,8.52,overcast clouds
280,Pringsewu,ID,-5.3582,104.9744,71.02,95,100,3.6,overcast clouds
281,Ndola,ZM,-12.9587,28.6366,69.55,26,1,6.6,clear sky
282,Paita,PE,-5.0892,-81.1144,68.79,73,56,17.6,broken clouds
283,Sri Aman,MY,1.2376,111.4621,75.25,100,100,0.0,overcast clouds
284,Sibu,MY,2.3,111.8167,75.51,100,40,2.3,scattered clouds
285,Ribeira Grande,PT,38.5167,-28.7,72.0,88,20,1.14,few clouds
286,Gilbues,BR,-9.8317,-45.3439,99.64,13,9,5.12,clear sky
287,Gouyave,GD,12.1646,-61.7296,84.97,74,20,21.85,few clouds
288,Guerrero Negro,MX,27.9769,-114.0611,77.47,61,1,13.4,clear sky
289,Tual,ID,-5.6667,132.75,82.35,78,99,7.7,overcast clouds
290,Buala,SB,-8.145,159.5921,80.96,72,99,10.0,overcast clouds
291,Neyvo-Shaytanskiy,RU,57.7286,61.2496,43.12,89,100,8.19,overcast clouds
292,Portland,US,45.5234,-122.6762,79.99,62,75,4.61,broken clouds
293,Half Moon Bay,US,37.4636,-122.4286,85.05,69,0,9.22,clear sky
294,Floriano,BR,-6.7669,-43.0225,99.28,23,52,10.47,broken clouds
295,Kondinskoye,RU,59.6481,67.41,42.58,91,71,6.89,broken clouds
296,Alice Springs,AU,-23.7,133.8833,62.15,27,75,10.36,broken clouds
297,Gwanda,ZW,-20.9333,29.0,79.47,16,0,14.63,clear sky
298,Olavarria,AR,-36.8927,-60.3225,79.3,23,70,11.25,broken clouds
299,Chapadinha,BR,-3.7417,-43.3603,97.11,25,98,5.46,overcast clouds
300,Lagos,NG,6.5833,3.75,80.92,90,100,4.12,overcast clouds
301,Magdug,PH,6.5476,126.0951,80.8,79,96,3.49,overcast clouds
302,Sakakah,SA,29.9697,40.2064,84.56,15,1,5.95,clear sky
303,Berlevag,NO,70.8578,29.0864,46.4,61,0,17.27,clear sky
304,Chichli,IN,22.8333,78.8167,73.42,92,88,6.26,overcast clouds
305,Codrington,AU,-38.2667,141.9667,45.16,75,70,9.04,broken clouds
306,Norman Wells,CA,65.282,-126.8329,48.24,66,75,8.05,broken clouds
307,Flinders,AU,-34.5833,150.8552,61.38,92,7,5.01,clear sky
308,Waingapu,ID,-9.6567,120.2641,79.63,81,100,7.76,overcast clouds
309,Nelson Bay,AU,-32.7167,152.15,63.09,97,70,3.0,broken clouds
310,Sabang,ID,5.8933,95.3214,79.79,78,100,7.56,light rain
311,Itarema,BR,-2.9248,-39.9167,82.17,68,61,15.12,broken clouds
312,Primero De Enero,CU,21.9469,-78.4283,86.47,59,4,13.67,clear sky
313,Turukhansk,RU,65.8167,87.9833,32.68,98,100,17.72,snow
314,Tias,ES,28.9611,-13.645,73.08,73,20,25.32,few clouds
315,Razdolinsk,RU,58.4211,94.6658,28.96,96,100,3.47,overcast clouds
316,Paamiut,GL,61.994,-49.6678,32.59,98,100,6.29,light snow
317,Vallenar,CL,-28.5708,-70.7581,83.17,14,100,8.43,overcast clouds
318,Hualmay,PE,-11.0964,-77.6139,66.2,70,15,8.48,few clouds
319,Montepuez,MZ,-13.1256,38.9997,69.75,73,3,8.16,clear sky
320,Uribia,CO,11.7139,-72.266,80.1,75,100,9.24,overcast clouds
321,Luderitz,NA,-26.6481,15.1594,63.93,59,0,18.5,clear sky
322,Shu,KZ,43.5983,73.7614,58.6,27,0,6.85,clear sky
323,Diamantino,BR,-14.4086,-56.4461,70.54,88,100,3.29,overcast clouds
324,Touros,BR,-5.1989,-35.4608,79.38,78,9,15.64,clear sky
325,Saskylakh,RU,71.9167,114.0833,25.97,94,100,15.14,light snow
326,Kyra,RU,49.5776,111.9753,23.27,87,47,5.55,scattered clouds
327,Angoche,MZ,-16.2325,39.9086,75.09,87,0,7.58,clear sky
328,Zyryanka,RU,65.75,150.85,9.41,93,19,11.39,few clouds
329,Odesskoye,RU,54.2111,72.9651,53.82,55,100,9.17,overcast clouds
330,Mao,ES,39.8885,4.2658,64.96,94,20,5.75,few clouds
331,Yenagoa,NG,4.9247,6.2642,72.61,96,100,2.39,overcast clouds
332,Huilong,CN,31.8111,121.655,58.93,63,100,7.63,overcast clouds
333,Mount Isa,AU,-20.7333,139.5,74.97,78,100,3.44,overcast clouds
334,Port Lincoln,AU,-34.7333,135.8667,50.05,67,52,8.01,broken clouds
335,Carutapera,BR,-1.195,-46.02,83.19,68,27,9.6,scattered clouds
336,Pontiac,US,42.6389,-83.2911,50.02,64,100,11.5,overcast clouds
337,Xiamen,CN,24.4798,118.0819,76.24,78,20,11.18,few clouds
338,Necochea,AR,-38.5473,-58.7368,65.53,52,100,6.46,overcast clouds
339,Qasigiannguit,GL,68.8193,-51.1922,26.85,92,100,2.15,overcast clouds
340,Zhuhai,CN,22.2769,113.5678,80.31,78,40,16.11,scattered clouds
341,Camopi,GF,3.1655,-52.3158,95.32,30,34,7.58,scattered clouds
342,Chuka,KE,-0.3332,37.6459,64.67,69,100,5.97,overcast clouds
343,Torbay,CA,47.6666,-52.7314,55.89,95,100,13.0,overcast clouds
344,Sao Joao Da Barra,BR,-21.6403,-41.0511,82.49,84,81,15.19,broken clouds
345,Nara,JP,34.6851,135.8049,61.92,67,100,5.21,overcast clouds
346,Kutum,SD,14.2,24.6667,81.54,26,96,12.88,overcast clouds
347,Buchanan,LR,5.8808,-10.0467,77.22,86,98,6.15,overcast clouds
348,Baruun-Urt,MN,46.6806,113.2792,33.15,57,100,22.66,overcast clouds
349,Litovko,RU,49.2361,135.1742,32.31,69,11,3.74,few clouds
350,Kapit,MY,2.0167,112.9333,73.56,100,100,1.61,overcast clouds
351,Henties Bay,NA,-22.116,14.2845,57.25,81,12,2.86,few clouds
352,Opuwo,NA,-18.0607,13.84,76.62,24,18,4.79,few clouds
353,Port Blair,IN,11.6667,92.75,78.71,84,100,12.1,overcast clouds
354,Ridgecrest,US,35.6225,-117.6709,91.69,13,0,11.5,clear sky
355,Sabya,SA,17.1495,42.6254,89.22,63,95,3.06,overcast clouds
356,Pochutla,MX,15.7432,-96.4661,87.82,62,53,6.11,broken clouds
357,Pundaguitan,PH,6.3711,126.1689,82.58,75,93,4.56,overcast clouds
358,Ucluelet,CA,48.9329,-125.5528,63.09,86,18,3.67,few clouds
359,Oussouye,SN,12.485,-16.5469,82.58,80,12,5.23,few clouds
360,Sola,VU,-13.8833,167.55,79.47,83,88,3.44,overcast clouds
361,Pasni,PK,25.2631,63.471,80.01,74,0,9.4,clear sky
362,Haines Junction,CA,60.7522,-137.5108,55.35,58,100,1.14,overcast clouds
363,Namibe,AO,-15.1961,12.1522,66.74,84,88,8.5,overcast clouds
364,Salta,AR,-24.7859,-65.4117,79.39,30,0,17.27,clear sky
365,Gatton,AU,-27.55,152.2833,62.64,94,30,1.45,scattered clouds
366,Manokwari,ID,-0.8667,134.0833,78.13,77,100,2.75,overcast clouds
367,Nouadhibou,MR,20.931,-17.0347,71.58,78,32,18.41,scattered clouds
368,Deputatskiy,RU,69.3,139.9,16.02,87,100,31.29,overcast clouds
369,Novyy Svit,UA,47.8059,38.0211,57.42,71,93,9.66,overcast clouds
370,Hamilton,US,39.1834,-84.5333,63.0,50,40,13.8,scattered clouds
371,Goderich,CA,43.7501,-81.7165,46.9,81,100,8.05,overcast clouds
372,Kamenka,RU,51.3223,42.7678,47.98,84,0,6.02,clear sky
373,Arlit,NE,18.7369,7.3853,92.05,16,59,12.28,broken clouds
374,Celestun,MX,20.8667,-90.4,83.52,65,29,13.2,scattered clouds
375,Canhotinho,BR,-8.8822,-36.1911,74.7,73,48,12.44,scattered clouds
376,Qaqortoq,GL,60.7167,-46.0333,34.05,76,10,4.94,clear sky
377,Presidencia Roque Saenz Pena,AR,-26.7852,-60.4388,82.53,23,0,3.4,clear sky
378,Yerbogachen,RU,61.2767,108.0108,30.7,91,100,8.84,overcast clouds
379,Qandala,SO,11.472,49.8728,83.62,55,22,4.81,few clouds
380,Mufumbwe,ZM,-13.6833,24.8,68.81,18,0,6.53,clear sky
381,Baghdad,IQ,33.3406,44.4009,78.71,29,0,5.75,clear sky
382,Kearney,US,40.6995,-99.0815,52.34,61,100,4.61,overcast clouds
383,Aksarka,RU,66.5606,67.7975,39.04,98,100,5.37,overcast clouds
384,Tateyama,JP,34.9833,139.8667,59.09,81,100,7.52,overcast clouds
385,Aasiaat,GL,68.7098,-52.8699,28.4,75,100,3.51,overcast clouds
386,Olafsvik,IS,64.8945,-23.7142,42.66,77,100,8.95,overcast clouds
387,Digby,CA,44.6169,-65.7655,68.95,74,100,8.93,overcast clouds
388,Constitucion,CL,-35.3333,-72.4167,58.17,77,35,12.53,scattered clouds
389,Vangaindrano,MG,-23.35,47.6,66.45,89,0,6.89,clear sky
390,Shenzhen,CN,22.5455,114.0683,80.22,86,9,5.44,clear sky
391,Anbu,CN,23.449,116.6809,73.33,78,75,6.71,broken clouds
392,Auki,SB,-8.7676,160.7034,78.04,81,100,4.76,overcast clouds
393,Hayden,US,47.766,-116.7866,76.46,45,0,17.27,clear sky
394,Havre-Saint-Pierre,CA,50.2334,-63.5986,41.36,93,100,16.11,overcast clouds
395,Kirakira,SB,-10.4544,161.9205,79.48,80,82,5.84,broken clouds
396,Greencastle,US,39.6445,-86.8647,61.75,41,100,19.57,overcast clouds
397,Molokovo,RU,58.1661,36.7628,47.34,87,100,11.72,overcast clouds
398,Batagay-Alyta,RU,67.8006,130.4114,17.56,83,100,7.18,overcast clouds
399,Dunedin,NZ,-45.8742,170.5036,46.51,67,6,2.66,clear sky
400,Xichang,CN,27.8964,102.2634,57.54,91,100,1.63,overcast clouds
401,Okhotsk,RU,59.3833,143.3,28.08,56,99,6.89,overcast clouds
402,Salalah,OM,17.0151,54.0924,77.09,73,20,4.61,few clouds
403,Monrovia,LR,6.3005,-10.7969,78.57,84,77,6.96,broken clouds
404,Udomlya,RU,57.8794,34.9925,47.62,84,96,9.1,overcast clouds
405,Vanimo,PG,-2.6741,141.3028,76.78,91,100,4.45,overcast clouds
406,Pudozh,RU,61.8099,36.5345,47.75,92,62,9.19,broken clouds
407,Hinatuan,PH,8.3722,126.3342,75.69,93,97,3.44,overcast clouds
408,Asau,RO,46.4333,26.4,52.72,93,100,1.77,overcast clouds
409,Uddevalla,SE,58.3478,11.9424,55.76,96,100,11.05,light rain
410,Cockburn Town,TC,21.4612,-71.1419,82.9,74,7,17.74,clear sky
411,Abu Samrah,SY,35.3029,37.1841,70.09,70,0,9.31,clear sky
412,Atar,MR,20.5169,-13.0499,92.73,20,0,8.81,clear sky
413,Deogarh,IN,21.5333,84.7333,74.28,98,97,3.51,overcast clouds
414,Xudat,AZ,41.631,48.681,63.09,76,100,3.83,overcast clouds
415,Nizhniy Tsasuchey,RU,50.5167,115.1333,24.73,62,50,6.62,scattered clouds
416,Pedernales,DO,18.0384,-71.744,89.37,50,45,0.89,scattered clouds
417,Mount Gambier,AU,-37.8333,140.7667,41.14,85,16,4.76,light rain
418,Adrar,MR,20.5022,-10.0711,95.32,14,1,6.85,clear sky
419,Manakara,MG,-22.1333,48.0167,66.02,89,0,7.27,clear sky
420,Mortka,RU,59.3322,66.0214,42.48,92,78,6.42,broken clouds
421,Cangzhou,CN,38.3167,116.8667,52.9,79,2,12.75,clear sky
422,Lubango,AO,-14.9172,13.4925,63.21,66,5,3.67,clear sky
423,Batagay,RU,67.6333,134.6333,10.38,91,100,4.27,overcast clouds
424,Kavaratti,IN,10.5669,72.642,81.23,76,15,15.61,few clouds
425,Yar-Sale,RU,66.8333,70.8333,37.78,98,100,3.65,overcast clouds
426,Wanning,CN,18.8003,110.3967,78.06,88,100,5.26,overcast clouds
427,Sabha,LY,27.0377,14.4283,76.01,37,0,10.96,clear sky
428,Riohacha,CO,11.5444,-72.9072,82.51,78,100,8.05,overcast clouds
429,Asheville,US,35.6009,-82.554,75.76,52,0,11.5,clear sky
430,Lebu,CL,-37.6167,-73.65,48.96,86,100,18.84,light rain
431,Tunceli,TR,39.1083,39.5471,69.06,35,75,4.14,broken clouds
432,Susehri,TR,40.1644,38.0867,63.3,52,100,2.06,overcast clouds
433,Omsukchan,RU,62.5333,155.8,0.86,98,94,4.23,overcast clouds
434,Tchamba,TG,9.0333,1.4167,72.68,94,100,4.65,light rain
435,Lagoa,PT,39.05,-27.9833,70.56,88,23,6.35,few clouds
436,Erenhot,CN,43.6475,111.9767,47.55,25,8,16.22,clear sky
437,Northam,GB,51.0333,-4.2167,57.61,80,3,16.58,clear sky
438,Miri,MY,4.4148,114.0089,77.14,94,40,2.3,scattered clouds
439,Pangkalanbuun,ID,-2.6833,111.6167,73.69,98,100,2.17,light rain
440,Katherine,AU,-14.4667,132.2667,79.12,83,73,0.0,broken clouds
441,Kemijarvi,FI,66.7131,27.4306,43.63,90,100,10.63,moderate rain
442,Lumsden,CA,50.6501,-104.8678,62.01,29,11,12.59,few clouds
443,Katima Mulilo,NA,-17.5,24.2667,75.02,21,0,5.53,clear sky
444,Nome,US,64.5011,-165.4064,44.67,77,100,25.32,light rain
445,Tuy Hoa,VN,13.0833,109.3,77.27,91,100,4.7,moderate rain
446,Bicester,GB,51.9,-1.1536,53.44,74,0,8.05,clear sky
447,Pontes E Lacerda,BR,-15.2261,-59.3353,70.25,73,100,7.27,overcast clouds
448,Vestmannaeyjar,IS,63.4427,-20.2734,43.83,73,100,9.93,overcast clouds
449,Bowen,AU,-20.0167,148.2333,73.85,73,28,11.32,scattered clouds
450,Padang,ID,-0.9492,100.3543,73.45,82,100,6.73,light rain
451,Waipawa,NZ,-41.4122,175.5153,43.14,69,0,6.17,clear sky
452,Pevek,RU,69.7008,170.3133,26.26,69,100,22.66,overcast clouds
453,Tiksi,RU,71.6872,128.8694,24.91,90,100,27.74,light snow
454,Hammerfest,NO,70.6634,23.6821,45.05,76,75,8.05,broken clouds
455,Aranos,NA,-24.1333,19.1167,73.63,11,0,11.48,clear sky
456,Smithers,CA,54.7804,-127.1743,66.47,58,0,0.74,clear sky
457,Iquitos,PE,-3.7481,-73.2472,82.44,83,75,4.61,moderate rain
458,Merano,IT,46.6682,11.1595,65.57,87,11,1.63,few clouds
459,Balaipungut,ID,1.05,101.2833,72.34,99,100,1.99,light rain
460,Santa Vitoria Do Palmar,BR,-33.5189,-53.3681,65.44,51,0,8.79,clear sky
461,Belyy Yar,RU,53.6039,91.3903,28.85,89,85,0.0,smoke
462,Sungai Padi,TH,6.0851,101.8766,74.98,97,99,2.64,overcast clouds
463,Sunndalsora,NO,62.6754,8.5515,44.71,80,53,7.0,light rain
464,Youkounkoun,GN,12.5333,-13.1333,81.52,77,20,2.95,few clouds
465,Xinpu,CN,34.5997,119.1594,52.57,73,0,2.04,clear sky
466,Pahrump,US,36.2083,-115.9839,89.65,18,0,4.0,clear sky
467,Porto Novo,BJ,6.4965,2.6036,78.62,90,100,5.35,light rain
468,Bandarbeyla,SO,9.4942,50.8122,77.61,86,7,19.19,clear sky
469,Arica,CL,-18.475,-70.3042,69.35,67,0,12.66,clear sky
470,Waddan,LY,29.1614,16.139,72.09,52,0,13.53,clear sky
471,Livingstone,ZM,-17.8419,25.8543,75.42,21,0,3.96,clear sky
472,Sorland,NO,67.667,12.6934,48.7,73,100,9.28,overcast clouds
473,Yatou,CN,37.15,122.3833,52.77,63,2,1.66,clear sky
474,Creston,US,41.0586,-94.3614,53.33,53,40,6.91,scattered clouds
475,Tshikapa,CD,-6.4167,20.8,75.54,75,99,1.57,overcast clouds
476,Dennery,LC,13.8996,-60.8879,84.33,74,75,11.5,broken clouds
477,Bembereke,BJ,10.2283,2.6634,73.47,88,99,3.38,light rain
478,Miquelon,PM,47.0975,-56.3814,59.0,90,100,14.58,overcast clouds
479,Vestmanna,FO,62.1564,-7.1664,40.12,87,75,17.27,light intensity drizzle
480,Umm Kaddadah,SD,13.6017,26.6876,90.81,24,9,3.22,clear sky
481,Conakry,GN,9.538,-13.6773,80.67,79,61,5.1,broken clouds
482,Camana,PE,-16.6228,-72.7111,64.96,69,50,6.29,scattered clouds
483,Kedrovyy,RU,56.1667,91.8167,25.21,89,99,4.7,overcast clouds
484,Betsiamites,CA,48.9413,-68.646,46.8,97,100,16.8,overcast clouds
485,Chara,RU,56.9064,118.2631,22.87,80,98,1.14,overcast clouds
486,Raudeberg,NO,61.9875,5.1352,50.67,1,100,29.48,overcast clouds
487,Delmas,HT,18.5447,-72.3028,90.54,43,39,3.29,scattered clouds
488,Santa Cruz,BO,-17.8,-63.1667,84.25,45,75,5.75,broken clouds
489,Kruisfontein,ZA,-34.0033,24.7314,54.16,91,91,6.58,overcast clouds
490,Nurobod,UZ,40.9056,69.8023,59.54,26,0,3.98,clear sky
491,Bairiki,KI,1.3292,172.9752,84.2,74,20,11.5,few clouds
492,Belaya Gora,RU,68.5333,146.4167,21.04,61,100,13.31,overcast clouds
493,Antalaha,MG,-14.9003,50.2788,67.73,86,17,7.78,light rain
494,Ancud,CL,-41.8697,-73.8203,47.98,60,14,18.28,few clouds
495,Nefteyugansk,RU,61.0998,72.6035,43.47,95,100,10.13,overcast clouds
496,Rio Gallegos,AR,-51.6226,-69.2181,51.85,24,40,34.52,scattered clouds
497,Midyat,TR,37.4247,41.3393,73.51,23,0,1.36,clear sky
498,Porto Walter,BR,-8.2686,-72.7439,80.42,74,100,4.59,light rain
499,Ilo,PE,-17.6394,-71.3375,61.66,77,100,10.36,overcast clouds
500,Port Shepstone,ZA,-30.7414,30.455,66.63,80,77,1.43,light rain
501,Sinnamary,GF,5.3833,-52.95,83.08,70,29,13.27,scattered clouds
502,Mogadishu,SO,2.0371,45.3438,77.07,87,28,14.88,scattered clouds
503,Paoua,CF,7.2427,16.4406,66.11,98,70,2.71,broken clouds
504,Ulladulla,AU,-35.35,150.4667,59.31,95,47,5.14,scattered clouds
505,Oistins,BB,13.0667,-59.5333,86.09,70,20,16.11,few clouds
506,Loreto,MX,22.2667,-101.9667,65.03,62,100,8.68,overcast clouds
507,Ciucurova,RO,44.9333,28.4833,57.2,77,91,5.86,overcast clouds
508,Kelebia,HU,46.1968,19.6166,58.12,62,99,6.11,overcast clouds
509,Westport,US,41.1415,-73.3579,79.29,54,0,12.66,clear sky
510,Tautira,PF,-17.7333,-149.15,76.46,81,30,20.13,light rain
511,Kusa,RU,55.3383,59.4406,42.26,89,100,8.7,overcast clouds
512,Tabuk,PH,17.4189,121.4443,72.75,94,45,2.46,scattered clouds
513,Tocopilla,CL,-22.092,-70.1979,65.05,65,21,4.47,few clouds
514,Riyadh,SA,24.6877,46.7219,80.74,12,0,6.98,clear sky
515,Benghazi,LY,32.1167,20.0667,72.23,55,0,14.88,clear sky
516,Gasa,PS,31.5,34.4667,70.88,57,0,7.47,clear sky
517,Cabedelo,BR,-6.9811,-34.8339,81.27,78,8,14.36,clear sky
518,Avera,US,33.194,-82.5271,86.05,24,5,6.73,clear sky
519,Yumen,CN,40.2833,97.2,44.24,29,82,4.94,broken clouds
520,Harper,LR,4.375,-7.7169,76.41,89,74,8.03,broken clouds
521,Kampong Cham,KH,11.9934,105.4635,75.79,90,100,2.57,overcast clouds
522,Hami,CN,42.8,93.45,52.56,27,0,14.25,clear sky
523,Morwell,AU,-38.2333,146.4,46.4,95,72,5.3,broken clouds
524,Ketchikan,US,55.3422,-131.6461,53.58,100,100,8.05,fog
525,Grindavik,IS,63.8424,-22.4338,41.47,75,100,2.3,overcast clouds
526,Killybegs,IE,54.6333,-8.45,53.31,72,18,19.51,few clouds
527,Koumac,NC,-20.5667,164.2833,75.56,77,34,5.82,scattered clouds
528,Yingcheng,CN,30.95,113.55,54.75,96,100,0.65,overcast clouds
529,Oktyabrskiy,RU,54.4815,53.471,48.45,87,98,11.88,overcast clouds
530,Yarmouth,US,41.7057,-70.2286,70.97,82,0,11.5,clear sky
531,Gondanglegi,ID,-7.7479,112.0132,75.25,92,100,9.24,moderate rain
532,Udachnyy,RU,66.4167,112.4,15.64,98,100,4.27,overcast clouds
533,New Ulm,US,44.3125,-94.4605,50.29,52,75,6.91,broken clouds
534,Rocha,UY,-34.4833,-54.3333,63.95,51,0,7.99,clear sky
535,Cobija,BO,-11.0267,-68.7692,89.78,62,75,11.5,broken clouds
536,Fallon,US,39.4735,-118.7774,81.45,13,20,0.0,few clouds
537,Grand-Santi,GF,4.25,-54.3833,97.74,25,41,4.74,scattered clouds
538,Beipiao,CN,41.7919,120.7792,46.96,66,100,4.99,overcast clouds
539,Fortuna,US,40.5982,-124.1573,55.74,51,9,6.42,clear sky
540,Velyka Bahachka,UA,49.7912,33.7226,49.35,79,0,6.46,clear sky
541,Broome,US,42.2506,-75.833,55.09,79,100,6.91,overcast clouds
542,Severomuysk,RU,56.1481,113.4267,8.49,95,97,4.05,overcast clouds
543,Valdepenas,ES,38.7621,-3.3848,63.84,50,99,9.64,overcast clouds
544,Rundu,NA,-17.9333,19.7667,74.7,14,0,6.76,clear sky
545,Egvekinot,RU,66.3167,-179.1667,21.63,82,100,3.04,overcast clouds
546,Poso,ID,-1.3959,120.7524,76.14,83,100,3.65,overcast clouds
547,Senges,BR,-24.1128,-49.4636,68.85,65,100,10.11,overcast clouds
548,Kuandian,CN,40.7286,124.7847,38.48,60,31,2.91,scattered clouds
549,Doctor Juan Leon Mallorquin,PY,-25.4,-55.2667,71.33,59,17,3.06,few clouds
550,Matias Romero,MX,16.8833,-95.0333,82.27,61,50,16.2,scattered clouds
551,Richards Bay,ZA,-28.783,32.0377,68.36,72,99,7.4,overcast clouds
552,Vao,NC,-22.6667,167.4833,72.3,80,26,23.51,scattered clouds
553,Ranong,TH,9.9658,98.6348,76.19,90,100,1.99,light rain
554,Pangnirtung,CA,66.1451,-65.7125,28.4,69,100,11.5,overcast clouds
555,Hovd,MN,48.0056,91.6419,28.9,58,5,2.13,clear sky
556,Gorom-Gorom,BF,14.4439,-0.2361,88.63,37,92,5.59,overcast clouds
557,Huanuni,BO,-18.2667,-66.85,59.49,3,0,14.61,clear sky
558,Majengo,TZ,-5.15,38.9833,70.63,91,49,6.2,light rain
559,Nazira,IN,26.9167,94.7333,73.89,96,88,1.86,overcast clouds
560,Tessalit,ML,20.1986,1.0114,91.44,14,44,9.53,scattered clouds
561,Ngunguru,NZ,-35.6167,174.5,56.07,54,14,10.22,few clouds
562,Kargil,IN,34.5667,76.1,43.14,56,0,6.02,clear sky
563,Vostok,RU,46.4856,135.8833,27.23,74,9,3.96,clear sky
564,Camacha,PT,33.0833,-16.3333,69.22,73,75,12.66,broken clouds
565,Whitehorse,CA,60.7161,-135.0538,57.02,59,100,23.02,overcast clouds
566,Barra,BR,-11.0894,-43.1417,87.87,34,69,6.51,broken clouds
567,Lynchburg,US,37.4138,-79.1423,82.2,39,0,10.36,clear sky
568,Sobradinho,BR,-12.8333,-39.1,80.19,64,5,8.93,clear sky
569,Ust-Maya,RU,60.4167,134.5333,20.3,89,95,5.66,overcast clouds
570,Gafargaon,BD,24.4333,90.5667,78.08,83,11,3.83,few clouds
571,Matamoros,MX,25.5333,-103.25,73.51,58,75,3.44,broken clouds
572,The Valley,AI,18.217,-63.0578,84.34,70,20,13.8,few clouds
573,Geraldton,AU,-28.7667,114.6,43.21,87,0,6.91,clear sky
574,Aqtobe,KZ,50.2797,57.2072,37.49,93,20,6.71,few clouds
575,Lakes Entrance,AU,-37.8811,147.981,52.16,87,100,4.7,overcast clouds
576,Rabapatona,HU,47.6322,17.48,57.11,81,26,6.89,scattered clouds
577,Itaunja,IN,27.0833,80.9167,75.18,94,97,5.21,light rain
578,Tucurui,BR,-3.7661,-49.6725,95.13,33,97,3.13,overcast clouds
579,Rodrigues Alves,BR,-7.738,-72.6509,88.0,58,93,6.22,overcast clouds
580,Abnub,EG,27.2696,31.1511,74.39,36,0,8.88,clear sky
581,Iralaya,HN,15.0,-83.2333,81.46,85,100,12.59,overcast clouds
582,Elko,US,41.0002,-115.5012,77.02,15,0,8.01,clear sky
583,Killam,CA,52.7834,-111.8518,67.95,42,1,4.61,clear sky
584,Lodwar,KE,3.1191,35.5973,87.46,33,67,16.15,broken clouds
585,Isla Mujeres,MX,21.2311,-86.731,86.16,65,66,10.71,broken clouds
586,Tarauaca,BR,-8.1614,-70.7656,87.12,57,99,3.27,overcast clouds
587,Fort Dodge,US,42.4975,-94.168,54.82,43,20,4.61,few clouds
588,Dauphin,CA,51.1494,-100.0502,57.34,28,0,17.27,clear sky
589,Skerries,IE,53.5828,-6.1083,52.12,82,0,18.66,clear sky
590,Pisco,PE,-13.7,-76.2167,64.02,82,7,10.36,haze
591,Borovoy,RU,55.4333,86.0833,33.08,93,0,4.47,clear sky
592,Kudat,MY,6.8837,116.8477,80.53,83,20,4.61,few clouds
593,Hobyo,SO,5.3505,48.5268,77.56,82,77,16.02,broken clouds
594,Innisfail,AU,-17.5333,146.0333,75.24,85,80,6.55,broken clouds
595,Masallatah,LY,32.6167,14.0,70.43,68,0,8.28,clear sky
596,Eureka,US,40.8021,-124.1637,85.68,70,16,6.31,few clouds
597,Mayor Pablo Lagerenza,PY,-19.9309,-60.7718,92.05,13,4,6.78,clear sky
598,Svetlogorsk,BY,52.6333,29.7333,46.94,84,1,4.36,clear sky
599,Vanavara,RU,60.34,102.2797,29.46,86,100,7.74,overcast clouds
600,Gushikawa,JP,26.3544,127.8686,76.23,83,0,6.91,clear sky
601,Kamsack,CA,51.5667,-101.9009,58.01,28,72,13.94,broken clouds
602,Nova Olinda Do Norte,BR,-3.8881,-59.0942,102.96,22,95,6.04,overcast clouds
603,Walvis Bay,NA,-22.9575,14.5053,54.55,94,4,5.75,clear sky
604,Sanchor,IN,24.7553,71.7722,80.53,55,63,6.24,broken clouds
605,Blagoyevo,RU,63.3667,47.9167,45.43,84,100,9.17,overcast clouds
606,Ruse,BG,43.8564,25.9708,59.36,74,62,7.76,broken clouds
607,Nicoya,CR,10.1483,-85.452,82.08,80,76,7.18,broken clouds
608,Bafra,TR,41.5678,35.9069,63.82,78,100,7.87,light rain
609,Khorixas,NA,-20.3667,14.9667,78.3,23,69,6.96,broken clouds
610,Krasnoselkup,RU,65.7,82.4667,37.6,93,100,17.29,overcast clouds
611,Churapcha,RU,62.0025,132.4325,16.72,92,65,6.4,broken clouds
612,Kichera,RU,55.9375,110.0997,26.28,77,95,5.88,overcast clouds
613,Malindi,KE,-3.2175,40.1191,75.31,84,97,14.88,overcast clouds
614,Nidadavole,IN,16.9167,81.6667,75.27,94,100,4.14,overcast clouds
615,Martapura,ID,-3.4167,114.85,75.29,100,100,1.14,fog
616,Kismayo,SO,-0.3582,42.5454,77.14,85,99,16.15,overcast clouds
617,Manzanillo,CU,20.3433,-77.1167,86.16,68,49,14.0,scattered clouds
618,Saint-Pierre,RE,-21.3393,55.4781,67.91,77,0,4.61,clear sky
619,Tucuman,AR,-26.8241,-65.2226,89.6,15,0,17.27,clear sky
620,Asfi,MA,32.2994,-9.2372,70.88,81,18,15.21,few clouds
621,Kasongo-Lunda,CD,-6.4667,16.8167,71.71,97,100,2.75,moderate rain
622,Akdepe,TM,42.0551,59.3788,55.49,28,39,9.4,scattered clouds
623,Margate,GB,51.3813,1.3862,59.88,80,64,4.0,broken clouds
624,Boyolangu,ID,-8.1181,111.8935,74.55,97,100,2.84,light rain
625,Kyzyl-Suu,KG,42.3414,78.0056,50.23,58,91,4.43,overcast clouds
626,Ostersund,SE,63.1792,14.6357,46.85,87,20,14.0,few clouds
627,Curillo,CO,1.0333,-75.9191,86.5,59,89,5.75,heavy intensity rain
628,Morondava,MG,-20.2833,44.2833,75.49,86,22,3.27,few clouds
629,Bull Savanna,JM,17.8868,-77.5902,81.91,73,100,8.03,overcast clouds
630,Urumqi,CN,43.801,87.6005,47.35,43,0,2.24,clear sky
631,Ekhabi,RU,53.5102,142.9671,33.17,82,66,7.18,broken clouds
632,Malumfashi,NG,11.7853,7.6218,77.34,52,20,4.76,few clouds
633,Sulechow,PL,52.0836,15.6251,55.65,92,0,1.14,clear sky
634,Otane,NZ,-39.8833,176.6333,50.02,72,0,3.13,clear sky
635,Calabozo,VE,8.9242,-67.4293,85.87,66,61,6.78,broken clouds
636,Epe,NG,6.5841,3.9834,75.7,90,100,4.41,overcast clouds
637,Roma,US,43.2128,-75.4557,55.38,65,75,18.41,broken clouds
638,San Pedro De Macoris,DO,18.4616,-69.2972,90.21,68,18,11.52,few clouds
639,Uray,RU,60.1247,64.7758,43.03,94,96,5.93,overcast clouds
640,Binalbagan,PH,10.1948,122.8581,78.51,86,100,4.05,overcast clouds
641,Vicuna,CL,-30.0319,-70.7081,53.33,20,23,9.66,few clouds
642,San Policarpo,PH,12.1791,125.5072,80.89,82,100,6.69,heavy intensity rain
643,Kilindoni,TZ,-7.9139,39.6668,76.53,76,50,12.12,scattered clouds
644,Phalodi,IN,27.1333,72.3667,83.84,51,44,11.39,scattered clouds
645,San Pedro,PH,14.35,121.0167,79.83,82,20,3.44,few clouds
646,Aykhal,RU,66.0,111.5,21.13,93,100,16.49,overcast clouds
647,Dublin,US,37.7021,-121.9358,90.66,41,0,6.91,clear sky
648,Bloemfontein,ZA,-29.1211,26.214,56.68,44,0,2.3,clear sky
649,Djibo,BF,14.1022,-1.6306,87.26,39,75,8.43,broken clouds
650,Arkadak,RU,51.9326,43.4978,47.08,86,0,5.99,clear sky
651,Lima,PE,-12.0432,-77.0282,61.05,67,40,14.97,scattered clouds
652,Mitu,CO,1.1983,-70.1733,82.33,70,98,4.0,overcast clouds
653,Rawson,AR,-43.3002,-65.1023,51.35,76,100,21.97,light rain
654,Taveta,KE,-3.3963,37.6736,67.62,81,76,7.56,broken clouds
655,Mangrol,IN,21.1167,70.1167,81.46,74,83,8.34,broken clouds
656,Nagorsk,RU,59.3172,50.8078,43.36,95,90,8.25,overcast clouds
657,Mamu Kanjan,PK,30.8333,72.8,75.65,61,0,6.6,clear sky
658,Taloqan,AF,36.7361,69.5345,52.47,24,0,2.64,clear sky
659,Luangwa,ZM,-15.6167,30.4167,77.67,28,0,3.51,clear sky
660,Podor,MR,16.6527,-14.9587,91.63,49,15,19.3,few clouds
661,Jumla,NP,29.2747,82.1838,55.15,93,100,2.98,overcast clouds
662,Kim,TJ,40.208,70.4688,55.24,29,0,2.46,clear sky
663,Mount Pleasant,US,32.7941,-79.8626,86.05,49,0,8.05,clear sky
664,Nuuk,GL,64.1835,-51.7216,32.61,93,75,1.14,light shower snow
665,Broken Hill,AU,-31.95,141.4333,50.34,72,68,15.97,broken clouds
666,Cayenne,GF,4.9333,-52.3333,87.84,58,0,12.66,clear sky
667,Santa Fe,AR,-31.6333,-60.7,88.0,22,0,13.0,light rain
668,Saurimo,AO,-9.6608,20.3916,73.96,46,62,4.38,broken clouds
669,Mizque,BO,-17.941,-65.3402,73.6,37,1,15.35,clear sky
670,Roald,NO,62.5833,6.1333,50.76,81,75,27.63,light intensity shower rain
671,Benjamin Constant,BR,-4.3831,-70.0311,86.13,83,40,3.44,moderate rain
672,Mokhsogollokh,RU,61.4681,128.9203,21.29,76,100,7.58,overcast clouds
673,Makakilo City,US,21.3469,-158.0858,84.52,55,20,5.75,few clouds
674,Les Cayes,HT,18.2,-73.75,83.77,66,11,5.46,few clouds
675,Atambua,ID,-9.1061,124.8925,74.43,85,16,4.36,few clouds
676,Kostek,RU,43.3439,46.8541,57.11,84,0,7.7,clear sky
677,Alofi,NU,-19.0595,-169.9187,78.69,73,75,14.97,broken clouds
678,Charlestown,AU,-32.95,151.6667,64.69,97,61,3.0,broken clouds
679,Pedro Carbo,EC,-1.8333,-80.2333,86.7,46,89,9.95,overcast clouds
680,Mayumba,GA,-3.432,10.6554,76.1,85,99,6.46,overcast clouds
681,San Jeronimo,PE,-11.9472,-75.2829,60.62,54,60,6.91,broken clouds
682,Palmer,US,42.1584,-72.3287,76.55,48,40,9.22,scattered clouds
